avg_auc,param_set
0.9065412588832622,0
0.8994906833053461,1
0.9032080474323835,2
0.7862775518857092,3
